{
  "Workflows": [
    {
      "Path": null,
      "SortBy": 0,
      "VariablesSectionElementsOrder": [],
      "ArgumentsSectionElementsOrder": null,
      "ConstantsSectionElementsOrder": [],
      "AddedNamespaces": null
    },
    {
      "Path": "Main.xaml",
      "SortBy": 0,
      "VariablesSectionElementsOrder": [
        "str_mailRecipient&Sequence_10",
        "str_subjectLine&Sequence_10",
        "str_Body&Sequence_10",
        "list_attachments&Sequence_10",
        "str_mailRecipient&Sequence_9",
        "str_subjectLine&Sequence_9",
        "str_Body&Sequence_9",
        "list_attachments&Sequence_9",
        "bool_foundInputFiles&Sequence_1",
        "int_numOfRowsLeftToProcess&Sequence_1",
        "bool_excelFileExists&Sequence_1",
        "str_pathRowsToProcessFile&Sequence_1",
        "list_filesToProcess&Sequence_1"
      ],
      "ArgumentsSectionElementsOrder": [],
      "ConstantsSectionElementsOrder": [],
      "AddedNamespaces": null
    },
    {
      "Path": "Workflows/6.1.4 - Excel_ReadInputData.xaml",
      "SortBy": 0,
      "VariablesSectionElementsOrder": [
        "str_pathInputFiles&Sequence_1",
        "list_workbookSheets&Sequence_6",
        "dt_currentTable&Sequence_6",
        "dict_excelFile&Sequence_6",
        "test&Sequence_6",
        "dt_currentTable&Sequence_7"
      ],
      "ArgumentsSectionElementsOrder": [
        "out_list_ExcelFilesToProcess"
      ],
      "ConstantsSectionElementsOrder": [],
      "AddedNamespaces": null
    },
    {
      "Path": "Workflows/Excel_CopyInputFiles.xaml",
      "SortBy": 0,
      "VariablesSectionElementsOrder": [
        "str_pathTemplateFile&Sequence_1",
        "int_filecounter&Sequence_1",
        "str_pathInputFiles&Sequence_1",
        "str_inputArchiveFolder&Sequence_1",
        "dt_allRows&Sequence_1",
        "str_excelAllTransactions&Sequence_1",
        "dt_currentTable&Sequence_7",
        "list_workbookSheets&Sequence_8",
        "dt_currentTable&Sequence_9"
      ],
      "ArgumentsSectionElementsOrder": [
        "out_bool_inputFilesExist"
      ],
      "ConstantsSectionElementsOrder": [],
      "AddedNamespaces": null
    },
    {
      "Path": "Workflows/Excel_CreateTransactions.xaml",
      "SortBy": 0,
      "VariablesSectionElementsOrder": [
        "int_remainingTransactions&Sequence_1",
        "str_excelTableRowsToProcess&Sequence_1",
        "dt_fullRowsToProcess&Sequence_1",
        "dt_filteredRowsToProcess&Sequence_1",
        "int_cellRowCounter&Sequence_1",
        "int_maxTransactionsPerRun&Sequence_1",
        "int_transactionCounter&Sequence_1"
      ],
      "ArgumentsSectionElementsOrder": [],
      "ConstantsSectionElementsOrder": [],
      "AddedNamespaces": null
    },
    {
      "Path": "Workflows/Excel_CheckHowManyTransactionsLeft.xaml",
      "SortBy": 0,
      "VariablesSectionElementsOrder": [
        "dt_RowsToProcess&Sequence_1",
        "str_excelTableRowsToProcess&Sequence_1"
      ],
      "ArgumentsSectionElementsOrder": [
        "out_int_rowsToProcess"
      ],
      "ConstantsSectionElementsOrder": [],
      "AddedNamespaces": null
    },
    {
      "Path": "Workflows/Mail_SendEmail.xaml",
      "SortBy": 0,
      "VariablesSectionElementsOrder": [
        "str_smtpServer&Sequence_1",
        "int_smtpPort&Sequence_1",
        "str_user&Sequence_1",
        "str_password&Sequence_1",
        "str_mailSernderFromMailId&Sequence_1"
      ],
      "ArgumentsSectionElementsOrder": [
        "in_str_recipientMailId",
        "in_str_subjectLine",
        "in_str_Body",
        "in_list_attachments"
      ],
      "ConstantsSectionElementsOrder": [],
      "AddedNamespaces": null
    }
  ]
}